{
    "menuArr":[{"id":228,"menuname":"工单数据采集","parentid":210,"orderid":0,"menuurl":"/datacollection/specialautodatacollect","menuicon":"defultico","isenabled":"y"},{"id":144,"menuname":"数据填报（old）","parentid":176,"orderid":0,"menuurl":"/datacollection/dataimport","menuicon":"defultico","isenabled":"y"},{"id":139,"menuname":"菜单管理","parentid":138,"orderid":1,"menuurl":"/sysmanager/menumanager","menuicon":"defultico","isenabled":"y"},{"id":182,"menuname":"多维感知体系","parentid":181,"orderid":1,"menuurl":"111","menuicon":"defultico","isenabled":"y"},{"id":145,"menuname":"数据更新审核(old)","parentid":213,"orderid":1,"menuurl":"/datacollection/datareview","menuicon":"defultico","isenabled":"y"},{"id":148,"menuname":"指标甄核规则管理","parentid":175,"orderid":1,"menuurl":"/datacollection/auditrules","menuicon":"defultico","isenabled":"y"},{"id":211,"menuname":"数据采集","parentid":230,"orderid":1,"menuurl":"/datacollection/reportcomplaint","menuicon":"defultico","isenabled":"y"},{"id":296,"menuname":"指标甄核规则管理","parentid":293,"orderid":1,"menuurl":"/zycompany/auditrules","menuicon":"default","isenabled":"y"},{"id":208,"menuname":"指标质量体系创建","parentid":155,"orderid":1,"menuurl":"/isystem/isystemmanager","menuicon":"defultico","isenabled":"y"},{"id":214,"menuname":"国内对标","parentid":169,"orderid":1,"menuurl":"/networkquality/domestic","menuicon":"defultico","isenabled":"y"},{"id":271,"menuname":"nei指标管理","parentid":268,"orderid":1,"menuurl":"111","menuicon":"defaulticon","isenabled":"y"},{"id":162,"menuname":"自动报告","parentid":185,"orderid":1,"menuurl":"/isystem/quarterrepmanager","menuicon":"defultico","isenabled":"y"},{"id":297,"menuname":"数据填报","parentid":294,"orderid":1,"menuurl":"/zycompany/dataimport","menuicon":"default","isenabled":"y"},{"id":286,"menuname":"基础数据甄核规则管理","parentid":280,"orderid":1,"menuurl":"/basicdatacollection/basicauditrules","menuicon":"default","isenabled":"y"},{"id":281,"menuname":"填报模板管理","parentid":280,"orderid":1,"menuurl":"/basicdatacollection/basictemplete","menuicon":"default","isenabled":"y"},{"id":175,"menuname":"四轮十维指标管理","parentid":174,"orderid":1,"menuurl":"111","menuicon":"defultico","isenabled":"y"},{"id":293,"menuname":"专业公司指标管理","parentid":292,"orderid":1,"menuurl":"#","menuicon":"default","isenabled":"y"},{"id":165,"menuname":"指标背离分析","parentid":178,"orderid":1,"menuurl":"/deviateanalysis/deviateanalysis","menuicon":"defultico","isenabled":"y"},{"id":169,"menuname":"质量对标","parentid":177,"orderid":1,"menuurl":"111","menuicon":"defultico","isenabled":"y"},{"id":276,"menuname":"数据更新审核","parentid":275,"orderid":1,"menuurl":"/neidatacollection/neidataworkflow","menuicon":"defaulticon","isenabled":"y"},{"id":273,"menuname":"数据填报","parentid":272,"orderid":1,"menuurl":"/neidatacollection/neidatareport","menuicon":"defaulticon","isenabled":"y"},{"id":289,"menuname":"用户管理","parentid":288,"orderid":1,"menuurl":"/sysmanager/appusermanager","menuicon":"fa fa-file-text","isenabled":"y"},{"id":268,"menuname":"nei数据采集","parentid":0,"orderid":1,"menuurl":"111","menuicon":"fa fa-th-large","isenabled":"y"},{"id":300,"menuname":"数据更新审核","parentid":295,"orderid":1,"menuurl":"/zycompany/datareview","menuicon":"default","isenabled":"y"},{"id":233,"menuname":"数据填报","parentid":176,"orderid":1,"menuurl":"/datacollection/dataimportgp","menuicon":"defultico","isenabled":"y"},{"id":174,"menuname":"采集甄核","parentid":0,"orderid":1,"menuurl":"1111","menuicon":"fa fa-jsfiddle","isenabled":"y"},{"id":269,"menuname":"nei数据甄核规则","parentid":271,"orderid":1,"menuurl":"/neidatacollection/neichkrulestab","menuicon":"defaulticon","isenabled":"y"},{"id":231,"menuname":"工单数据导出","parentid":210,"orderid":1,"menuurl":"/datacollection/specialautodataexport","menuicon":"defultico","isenabled":"y"},{"id":298,"menuname":"上传文件存档管理","parentid":294,"orderid":2,"menuurl":"/zycompany/backupfile","menuicon":"default","isenabled":"y"},{"id":190,"menuname":"关键指标分析","parentid":181,"orderid":2,"menuurl":"/keystarget/keystargetanaly3","menuicon":"defultico","isenabled":"y"},{"id":292,"menuname":"专业公司数据采集","parentid":0,"orderid":2,"menuurl":"#","menuicon":"fa fa-line-chart","isenabled":"y"},{"id":178,"menuname":"指标关联性分析","parentid":177,"orderid":2,"menuurl":"111","menuicon":"defultico","isenabled":"y"},{"id":282,"menuname":"数据填报","parentid":280,"orderid":2,"menuurl":"/basicdatacollection/basicdataimport","menuicon":"default","isenabled":"y"},{"id":163,"menuname":"上传文件存档管理(old)","parentid":176,"orderid":2,"menuurl":"/datacollection/filebak","menuicon":"defultico","isenabled":"y"},{"id":272,"menuname":"nei指标采集","parentid":268,"orderid":2,"menuurl":"111","menuicon":"defaulticon","isenabled":"y"},{"id":166,"menuname":"强相关指标集管理","parentid":178,"orderid":2,"menuurl":"/deviateanalysis/indpairmanager","menuicon":"defultico","isenabled":"y"},{"id":277,"menuname":"数据更新查询","parentid":275,"orderid":2,"menuurl":"/neidatacollection/neidataquery","menuicon":"defaulticon","isenabled":"y"},{"id":274,"menuname":"上传文件存档管理","parentid":272,"orderid":2,"menuurl":"/neidatacollection/neibackupcityfile","menuicon":"defaulticon","isenabled":"y"},{"id":290,"menuname":"用户导入","parentid":288,"orderid":2,"menuurl":"/sysmanager/importuser","menuicon":"fa fa-file-text","isenabled":"y"},{"id":301,"menuname":"数据更新查询","parentid":295,"orderid":2,"menuurl":"/zycompany/userrepeat","menuicon":"default","isenabled":"y"},{"id":153,"menuname":"登陆日志","parentid":151,"orderid":2,"menuurl":"/sysmanager/loginlogmanager","menuicon":"defultico","isenabled":"y"},{"id":156,"menuname":"报表创建","parentid":182,"orderid":2,"menuurl":"/isystem/isystemmanageranalysis","menuicon":"defultico","isenabled":"y"},{"id":270,"menuname":"nei填报模板管理","parentid":271,"orderid":2,"menuurl":"/neidatacollection/neireporttemplete","menuicon":"defaulticon","isenabled":"y"},{"id":140,"menuname":"用户管理","parentid":138,"orderid":2,"menuurl":"/sysmanager/usermanager","menuicon":"defultico","isenabled":"y"},{"id":294,"menuname":"专业公司指标采集","parentid":292,"orderid":2,"menuurl":"#","menuicon":"default","isenabled":"y"},{"id":209,"menuname":"网络投诉指标体系","parentid":155,"orderid":2,"menuurl":"/isystem/isystemcomplainmanager","menuicon":"defultico","isenabled":"y"},{"id":215,"menuname":"国际对标","parentid":169,"orderid":2,"menuurl":"/networkquality/internationalstandards","menuicon":"defultico","isenabled":"y"},{"id":176,"menuname":"四轮十维指标采集","parentid":174,"orderid":2,"menuurl":"111","menuicon":"defultico","isenabled":"y"},{"id":261,"menuname":"工单采集配置","parentid":210,"orderid":2,"menuurl":"/datacollection/specialdataconfiguration","menuicon":"defultico","isenabled":"y"},{"id":206,"menuname":"操作日志","parentid":151,"orderid":3,"menuurl":"/sysmanager/operlogmanager","menuicon":"defultico","isenabled":"y"},{"id":275,"menuname":"nei指标更新","parentid":268,"orderid":3,"menuurl":"111","menuicon":"defaulticon","isenabled":"y"},{"id":304,"menuname":"体系创建","parentid":302,"orderid":3,"menuurl":"/specialtycompanyreport/reportsystemcreate","menuicon":"fa fa-circle-o-notch","isenabled":"y"},{"id":295,"menuname":"专业公司指标更新","parentid":292,"orderid":3,"menuurl":"#","menuicon":"default","isenabled":"y"},{"id":141,"menuname":"角色管理","parentid":138,"orderid":3,"menuurl":"/sysmanager/rolemanager","menuicon":"defultico","isenabled":"y"},{"id":225,"menuname":"历史上传文件管理","parentid":230,"orderid":3,"menuurl":"/datacollection/filebak2","menuicon":"defultico","isenabled":"y"},{"id":159,"menuname":"全景化分析","parentid":181,"orderid":3,"menuurl":"/networkquality/fullview","menuicon":"defultico","isenabled":"y"},{"id":216,"menuname":"业界对标","parentid":169,"orderid":3,"menuurl":"/networkquality/standardanaly","menuicon":"defultico","isenabled":"y"},{"id":256,"menuname":"省公司反馈汇总","parentid":185,"orderid":3,"menuurl":"/isystem/quarterfeedback","menuicon":"defultico","isenabled":"y"},{"id":299,"menuname":"数据导出","parentid":294,"orderid":3,"menuurl":"/zycompany/dataexport","menuicon":"default","isenabled":"y"},{"id":291,"menuname":"app登录日志管理","parentid":151,"orderid":3,"menuurl":"/sysmanager/loginlogmanagerapp","menuicon":"fa fa-file-text","isenabled":"y"},{"id":283,"menuname":"上传文件存档管理","parentid":280,"orderid":3,"menuurl":"/basicdatacollection/basicbackupfile","menuicon":"default","isenabled":"y"},{"id":198,"menuname":"填报数据导出(old)","parentid":176,"orderid":3,"menuurl":"/datacollection/collecttotalreports","menuicon":"defultico","isenabled":"y"},{"id":212,"menuname":"数据导出","parentid":230,"orderid":3,"menuurl":"/datacollection/exportcomplaint","menuicon":"defultico","isenabled":"y"},{"id":278,"menuname":"数据导出","parentid":272,"orderid":3,"menuurl":"/neidatacollection/neidataexport","menuicon":"defaulticon","isenabled":"y"},{"id":302,"menuname":"专业公司体系报表","parentid":0,"orderid":3,"menuurl":"default","menuicon":"fa fa-jsfiddle","isenabled":"y"},{"id":267,"menuname":"app中间表做成","parentid":185,"orderid":4,"menuurl":"/isystem/appdatamake","menuicon":"defultico11","isenabled":"y"},{"id":201,"menuname":"下载列表管理","parentid":138,"orderid":4,"menuurl":"/sysmanager/downloadlistmanager","menuicon":"defultico","isenabled":"y"},{"id":284,"menuname":"数据导出","parentid":280,"orderid":4,"menuurl":"/basicdatacollection/basicdataexport","menuicon":"default","isenabled":"y"},{"id":279,"menuname":"采集进度查询","parentid":272,"orderid":4,"menuurl":"/neidatacollection/neicollectrate","menuicon":"defaultion","isenabled":"y"},{"id":185,"menuname":"质量评估","parentid":0,"orderid":4,"menuurl":"111","menuicon":"fa fa-bar-chart-o","isenabled":"y"},{"id":151,"menuname":"日志管理","parentid":138,"orderid":4,"menuurl":"#","menuicon":"defultico","isenabled":"y"},{"id":181,"menuname":"综合分析","parentid":0,"orderid":4,"menuurl":"111","menuicon":"fa fa-area-chart","isenabled":"y"},{"id":138,"menuname":"系统管理","parentid":0,"orderid":5,"menuurl":"#","menuicon":"fa fa-gear","isenabled":"y"},{"id":303,"menuname":"报表创建","parentid":302,"orderid":5,"menuurl":"/specialtycompanyreport/reportsystemrun","menuicon":"fa fa-circle-o-notch","isenabled":"y"},{"id":203,"menuname":"高铁场景分析","parentid":181,"orderid":5,"menuurl":"/highspeedrail/highspeedrail","menuicon":"defultico","isenabled":"y"},{"id":285,"menuname":"采集进度查询","parentid":280,"orderid":5,"menuurl":"/basicdatacollection/basiccollectrate","menuicon":"default","isenabled":"y"},{"id":280,"menuname":"基础数据采集","parentid":0,"orderid":5,"menuurl":"#","menuicon":"fa fa-line-chart","isenabled":"y"},{"id":177,"menuname":"关联比对","parentid":0,"orderid":6,"menuurl":"111","menuicon":"fa fa-pie-chart","isenabled":"y"},{"id":288,"menuname":"app用户管理","parentid":138,"orderid":6,"menuurl":"#","menuicon":"fa fa-file-text-o","isenabled":"y"},{"id":224,"menuname":"投诉分析","parentid":181,"orderid":6,"menuurl":"/datacollection/complaintanalysis","menuicon":"defultico","isenabled":"y"},{"id":287,"menuname":"指标异常预警查询","parentid":176,"orderid":6,"menuurl":"/datacollection/abnormalwarning","menuicon":"default","isenabled":"y"},{"id":213,"menuname":"四轮十维指标更新","parentid":174,"orderid":6,"menuurl":"/quarterly/gplatform","menuicon":"defultico","isenabled":"y"},{"id":205,"menuname":"处室管理","parentid":138,"orderid":6,"menuurl":"/sysmanager/roommanager","menuicon":"defultico","isenabled":"y"},{"id":207,"menuname":"其他数据","parentid":138,"orderid":7,"menuurl":"/sysmanager/downloaddatamanager","menuicon":"defultico","isenabled":"y"},{"id":250,"menuname":"app版本管理","parentid":138,"orderid":9,"menuurl":"/sysmanager/versionmanager","menuicon":"defultico","isenabled":"y"},{"id":155,"menuname":"体系管理","parentid":182,"orderid":10,"menuurl":"#","menuicon":"defultico","isenabled":"y"},{"id":241,"menuname":"高铁数据采集","parentid":210,"orderid":20,"menuurl":"/quarterly/gplatform","menuicon":"defultico","isenabled":"y"},{"id":251,"menuname":"交通干线数据采集","parentid":210,"orderid":50,"menuurl":"/datacollection/waydatacollect","menuicon":"defultico","isenabled":"y"},{"id":252,"menuname":"交通干线数据导出","parentid":210,"orderid":51,"menuurl":"/datacollection/waydataexport","menuicon":"defultico","isenabled":"y"},{"id":221,"menuname":"高价值小区数据采集","parentid":210,"orderid":55,"menuurl":"/highvalueanalyze/analyzesystem","menuicon":"defultico","isenabled":"y"},{"id":146,"menuname":"数据更新查询(old)","parentid":213,"orderid":55,"menuurl":"/datacollection/userrepeat","menuicon":"defultico","isenabled":"y"},{"id":230,"menuname":"投诉数据采集","parentid":210,"orderid":56,"menuurl":"#","menuicon":"defultico","isenabled":"y"},{"id":253,"menuname":"四轮十维简报采集","parentid":138,"orderid":150,"menuurl":"/provincereport/reportcollect","menuicon":"defultico","isenabled":"y"},{"id":258,"menuname":"组织机构信息录入","parentid":176,"orderid":151,"menuurl":"/provincereport/organization","menuicon":"defultico","isenabled":"y"},{"id":257,"menuname":"竞对采集","parentid":210,"orderid":200,"menuurl":"/provincereport/jdcollect","menuicon":"defultico","isenabled":"y"},{"id":210,"menuname":"专题数据采集","parentid":174,"orderid":210,"menuurl":"111","menuicon":"defultico","isenabled":"y"},{"id":220,"menuname":"综合指数变化分析","parentid":185,"orderid":219,"menuurl":"/isystem/quickdbexport","menuicon":"defultico","isenabled":"y"},{"id":227,"menuname":"数据填报(入gp)","parentid":176,"orderid":227,"menuurl":"/datacollection/dataimportgp","menuicon":"defultico","isenabled":"y"},{"id":232,"menuname":"多维数据采集(gp)","parentid":174,"orderid":231,"menuurl":"#","menuicon":"defultico","isenabled":"y"},{"id":234,"menuname":"数据更新审核","parentid":213,"orderid":234,"menuurl":"/datacollection/datareviewgp","menuicon":"defultico","isenabled":"y"},{"id":235,"menuname":"数据更新查询","parentid":213,"orderid":235,"menuurl":"/datacollection/userrepeatgp","menuicon":"defultico","isenabled":"y"},{"id":236,"menuname":"采集进度(gp)","parentid":176,"orderid":236,"menuurl":"/datacollection/collectrate","menuicon":"defultico","isenabled":"y"},{"id":263,"menuname":"采集进度(gp_old)","parentid":176,"orderid":237,"menuurl":"/datacollection/collectrate_old","menuicon":"defultico","isenabled":"y"},{"id":237,"menuname":"省公司督导(gp)","parentid":176,"orderid":237,"menuurl":"/datacollection/reportauto","menuicon":"defultico","isenabled":"y"},{"id":238,"menuname":"指标甄核规则管理(gp)","parentid":175,"orderid":238,"menuurl":"/datacollection/auditrulesgp","menuicon":"defultico","isenabled":"y"},{"id":239,"menuname":"上传文件存档管理","parentid":176,"orderid":239,"menuurl":"/datacollection/filebak3","menuicon":"defultico","isenabled":"y"},{"id":240,"menuname":"填报数据导出","parentid":176,"orderid":240,"menuurl":"/datacollection/collectreportsgp","menuicon":"defultico","isenabled":"y"},{"id":260,"menuname":"差异性数据导出（总部vs省报）","parentid":176,"orderid":241,"menuurl":"/datacollection/collectdiffreports","menuicon":"defultico","isenabled":"y"},{"id":264,"menuname":"差异性数据导出（人工vs自动）","parentid":176,"orderid":242,"menuurl":"/datacollection/diffreports","menuicon":"defultico","isenabled":"y"},{"id":259,"menuname":"数据填报模板管理","parentid":175,"orderid":259,"menuurl":"/datacollection/fillstatus","menuicon":"defultico","isenabled":"y"}]
}